id;user_id;first_name;last_name;email;mobile_number;lang_key;birthdate
1;33024;Joannie;Goodwin;Immanuel_Okuneva@yahoo.com;calculating;indexing;2023-10-11T13:41:56
2;24621;Molly;Schmeler;Pauline0@gmail.com;programming;transmitte;2023-10-11T13:00:51
3;51992;Malcolm;Lowe;Arjun_Brekke89@hotmail.com;blue invoice Function-based;Legacy Cus;2023-10-11T15:15:21
4;92051;Flossie;Considine;Vinnie65@gmail.com;communities;connecting;2023-10-11T20:35:34
5;75628;Brock;Hilll;Merlin60@gmail.com;Industrial Home payment;Account;2023-10-11T23:33:38
6;88655;Estelle;Toy;Guido.Nienow@gmail.com;Analyst;Central mo;2023-10-12T05:29:38
7;14153;Josh;Tillman;Mollie_Nicolas8@gmail.com;e-markets transmitter;Licensed G;2023-10-11T16:51:28
8;18917;Megane;Rice;Zion_Herzog@gmail.com;Coordinator generating;Flat;2023-10-11T20:29:05
9;77178;Xavier;Hettinger;Stephon67@gmail.com;throughput;vortals 10;2023-10-12T02:19:38
10;38002;Jerry;Gorczany;Ozella55@gmail.com;Wooden Sleek;Kansas;2023-10-12T09:06:23
